{
    "alpha": 100,
    "hidden_states": {
        "pop2": [
            0.0,
            0.046766649463100676,
            0.05849909826743252,
            0.07218640327724618,
            0.08761614779587698,
            0.10769786738647649,
            0.13107411639989783,
            0.16084610920781742,
            0.20352454847160156,
            0.2856350372563011,
            0.4611005862071087,
            0.6257842564985783,
            0.9000793732671402,
            1.2434378358183737,
            1.7151771469784316,
            2.3632776272817937,
            5.576505426717825,
            Infinity
        ]
    },
    "model": {
        "N0": 3875.9689922480625,
        "class": "SMCModel",
        "knots": [
            0.046766649463100676,
            0.07218640327724618,
            0.10769786738647649,
            0.16084610920781742,
            0.2856350372563011,
            0.6257842564985783,
            1.2434378358183737,
            2.3632776272817937
        ],
        "pid": "pop2",
        "spline_class": "Piecewise",
        "y": [
            1.230887246208038,
            0.34548177397307855,
            -0.116172837097044,
            -0.32121513823227804,
            0.533851242837927,
            0.7935362291882594,
            0.4651727448505232,
            0.6936436452783146
        ]
    },
    "rho": 0.003140342318337991,
    "theta": 0.0001
}