{
    "alpha": 100,
    "hidden_states": {
        "pop2": [
            0.0,
            0.046766649463100676,
            0.05849909826743252,
            0.07218640327724618,
            0.08761614779587698,
            0.10769786738647649,
            0.13107411639989783,
            0.16084610920781742,
            0.20352454847160156,
            0.2856350372563011,
            0.4611005862071087,
            0.6257842564985783,
            0.9000793732671402,
            1.2434378358183737,
            1.7151771469784316,
            2.3632776272817937,
            5.576505426717825,
            Infinity
        ]
    },
    "model": {
        "N0": 3875.9689922480625,
        "class": "SMCModel",
        "knots": [
            0.046766649463100676,
            0.07218640327724618,
            0.10769786738647649,
            0.16084610920781742,
            0.2856350372563011,
            0.6257842564985783,
            1.2434378358183737,
            2.3632776272817937
        ],
        "pid": "pop2",
        "spline_class": "Piecewise",
        "y": [
            0.9667777468055825,
            0.12718343784711963,
            -0.14745234279035646,
            -0.2898669651082985,
            0.5035773477488759,
            0.816626913328977,
            0.4872331537431724,
            0.6340820744751103
        ]
    },
    "rho": 0.00209299807544196,
    "theta": 0.0001
}