{
    "alpha": 100,
    "hidden_states": {
        "pop1": [
            0.0,
            0.13160901368988737,
            0.18008399923933557,
            0.24687115898618944,
            0.3588243661638561,
            0.46809400644781884,
            0.5557510213945037,
            0.6605418491621963,
            0.8354748115988346,
            1.0481920203119472,
            1.2311648557161279,
            1.3945546686734485,
            1.6643611139950547,
            1.9422235099538194,
            2.3123456273174736,
            2.935439539278538,
            6.3834121055312165,
            Infinity
        ]
    },
    "model": {
        "N0": 3875.9689922480625,
        "class": "SMCModel",
        "knots": [
            0.13160901368988737,
            0.24687115898618944,
            0.46809400644781884,
            0.6605418491621963,
            1.0481920203119472,
            1.3945546686734485,
            1.9422235099538194,
            2.935439539278538
        ],
        "pid": "pop1",
        "spline_class": "Piecewise",
        "y": [
            0.6262620920461184,
            1.4778929452661254,
            1.3523168532065328,
            1.206603416483753,
            1.1567755321936584,
            0.8548773058693263,
            0.45247708969588457,
            0.7714872510344173
        ]
    },
    "rho": 0.0009407985085227106,
    "theta": 0.0001
}