{
    "alpha": 100,
    "hidden_states": {
        "pop1": [
            0.0,
            0.13160901368988737,
            0.18008399923933557,
            0.24687115898618944,
            0.3588243661638561,
            0.46809400644781884,
            0.5557510213945037,
            0.6605418491621963,
            0.8354748115988346,
            1.0481920203119472,
            1.2311648557161279,
            1.3945546686734485,
            1.6643611139950547,
            1.9422235099538194,
            2.3123456273174736,
            2.935439539278538,
            6.3834121055312165,
            Infinity
        ]
    },
    "model": {
        "N0": 3875.9689922480625,
        "class": "SMCModel",
        "knots": [
            0.13160901368988737,
            0.24687115898618944,
            0.46809400644781884,
            0.6605418491621963,
            1.0481920203119472,
            1.3945546686734485,
            1.9422235099538194,
            2.935439539278538
        ],
        "pid": "pop1",
        "spline_class": "Piecewise",
        "y": [
            0.6694293090332344,
            1.7210300935564076,
            1.4953875531554264,
            1.175146958032051,
            1.0710770067760966,
            0.7251359025625215,
            0.3920173204788904,
            0.8384716757835027
        ]
    },
    "rho": 0.0017825518243864056,
    "theta": 0.0001
}