{
    "alpha": 100,
    "hidden_states": {
        "pop1": [
            0.0,
            0.13160901368988737,
            0.18008399923933557,
            0.24687115898618944,
            0.3588243661638561,
            0.46809400644781884,
            0.5557510213945037,
            0.6605418491621963,
            0.8354748115988346,
            1.0481920203119472,
            1.2311648557161279,
            1.3945546686734485,
            1.6643611139950547,
            1.9422235099538194,
            2.3123456273174736,
            2.935439539278538,
            6.3834121055312165,
            Infinity
        ]
    },
    "model": {
        "N0": 3875.9689922480625,
        "class": "SMCModel",
        "knots": [
            0.13160901368988737,
            0.24687115898618944,
            0.46809400644781884,
            0.6605418491621963,
            1.0481920203119472,
            1.3945546686734485,
            1.9422235099538194,
            2.935439539278538
        ],
        "pid": "pop1",
        "spline_class": "Piecewise",
        "y": [
            0.7609639364575473,
            1.969436224114941,
            1.5929307411306886,
            1.1036598852397348,
            0.9559071101919534,
            0.6093351592541537,
            0.3739236489034349,
            0.8633815594953289
        ]
    },
    "rho": 0.0030182310712951396,
    "theta": 0.0001
}