{
    "alpha": 100,
    "hidden_states": {
        "pop1": [
            0.0,
            0.13160901368988737,
            0.18008399923933557,
            0.24687115898618944,
            0.3588243661638561,
            0.46809400644781884,
            0.5557510213945037,
            0.6605418491621963,
            0.8354748115988346,
            1.0481920203119472,
            1.2311648557161279,
            1.3945546686734485,
            1.6643611139950547,
            1.9422235099538194,
            2.3123456273174736,
            2.935439539278538,
            6.3834121055312165,
            Infinity
        ]
    },
    "model": {
        "N0": 3875.9689922480625,
        "class": "SMCModel",
        "knots": [
            0.13160901368988737,
            0.24687115898618944,
            0.46809400644781884,
            0.6605418491621963,
            1.0481920203119472,
            1.3945546686734485,
            1.9422235099538194,
            2.935439539278538
        ],
        "pid": "pop1",
        "spline_class": "Piecewise",
        "y": [
            0.623495493587528,
            1.2823237558565561,
            1.2061720394112978,
            1.1919816695815497,
            1.1684447805079092,
            0.9468792146878431,
            0.5460002100130128,
            0.6610188576913589
        ]
    },
    "rho": 0.0004895684395813778,
    "theta": 0.0001
}