{
    "alpha": 100,
    "hidden_states": {
        "pop2": [
            0.0,
            0.03892698069828859,
            0.04732838374962663,
            0.056223139368286254,
            0.06760168490941794,
            0.08005718756569483,
            0.0955795171010275,
            0.11488361382736366,
            0.1400969458024308,
            0.1852994968820866,
            0.28291829048525013,
            0.4260325090370491,
            0.7373258640563006,
            1.1408620310744164,
            1.5992107339038408,
            2.248983731799622,
            5.3330878729697755,
            Infinity
        ]
    },
    "model": {
        "N0": 3875.9689922480625,
        "class": "SMCModel",
        "knots": [
            0.03892698069828859,
            0.056223139368286254,
            0.08005718756569483,
            0.11488361382736366,
            0.1852994968820866,
            0.4260325090370491,
            1.1408620310744164,
            2.248983731799622
        ],
        "pid": "pop2",
        "spline_class": "Piecewise",
        "y": [
            2.648207855329269,
            0.9556019842498114,
            -0.18766021213003395,
            -0.5845342458283856,
            -0.1259545625525468,
            0.8266199852878532,
            0.6062186978397736,
            0.639653144298456
        ]
    },
    "rho": 0.004287984392268062,
    "theta": 0.0001
}