{
    "alpha": 100,
    "hidden_states": {
        "pop1": [
            0.0,
            0.07152127234224719,
            0.0917469920358409,
            0.11955928227520249,
            0.15929794385849114,
            0.2233572716610054,
            0.39052534519320187,
            0.564718503128847,
            0.7946022170940801,
            0.921464294627926,
            1.048349434404539,
            1.3144450159061145,
            1.6007316833873455,
            1.8940936171709375,
            2.300694739228642,
            2.9633426324237635,
            6.464884772629386,
            Infinity
        ]
    },
    "model": {
        "N0": 3875.9689922480625,
        "class": "SMCModel",
        "knots": [
            0.07152127234224719,
            0.11955928227520249,
            0.2233572716610054,
            0.564718503128847,
            0.921464294627926,
            1.3144450159061145,
            1.8940936171709375,
            2.9633426324237635
        ],
        "pid": "pop1",
        "spline_class": "Piecewise",
        "y": [
            1.1782940931105144,
            1.1782940931105144,
            1.1782940931105144,
            1.1782940931105144,
            1.1782940931105144,
            1.1782940931105144,
            1.1782940931105144,
            0.38926467935239906
        ]
    },
    "rho": 0.0001,
    "theta": 0.0001
}