{
    "alpha": 100,
    "hidden_states": {
        "pop2": [
            0.0,
            0.03892698069828859,
            0.04732838374962663,
            0.056223139368286254,
            0.06760168490941794,
            0.08005718756569483,
            0.0955795171010275,
            0.11488361382736366,
            0.1400969458024308,
            0.1852994968820866,
            0.28291829048525013,
            0.4260325090370491,
            0.7373258640563006,
            1.1408620310744164,
            1.5992107339038408,
            2.248983731799622,
            5.3330878729697755,
            Infinity
        ]
    },
    "model": {
        "N0": 3875.9689922480625,
        "class": "SMCModel",
        "knots": [
            0.03892698069828859,
            0.056223139368286254,
            0.08005718756569483,
            0.11488361382736366,
            0.1852994968820866,
            0.4260325090370491,
            1.1408620310744164,
            2.248983731799622
        ],
        "pid": "pop2",
        "spline_class": "Piecewise",
        "y": [
            2.8682041078555525,
            1.1003375255795298,
            -0.18502369841569594,
            -0.6340249348959925,
            -0.10968984877763288,
            0.8298557102964612,
            0.6066783152260312,
            0.6538239249785313
        ]
    },
    "rho": 0.004879818149118092,
    "theta": 0.0001
}