{
    "alpha": 100,
    "hidden_states": {
        "pop2": [
            0.0,
            0.046766649463100676,
            0.05849909826743252,
            0.07218640327724618,
            0.08761614779587698,
            0.10769786738647649,
            0.13107411639989783,
            0.16084610920781742,
            0.20352454847160156,
            0.2856350372563011,
            0.4611005862071087,
            0.6257842564985783,
            0.9000793732671402,
            1.2434378358183737,
            1.7151771469784316,
            2.3632776272817937,
            5.576505426717825,
            Infinity
        ]
    },
    "model": {
        "N0": 3875.9689922480625,
        "class": "SMCModel",
        "knots": [
            0.046766649463100676,
            0.07218640327724618,
            0.10769786738647649,
            0.16084610920781742,
            0.2856350372563011,
            0.6257842564985783,
            1.2434378358183737,
            2.3632776272817937
        ],
        "pid": "pop2",
        "spline_class": "Piecewise",
        "y": [
            1.3300914500715153,
            0.46032379129552353,
            -0.13819148245687263,
            -0.31419789004767734,
            0.5706046443909704,
            0.780160948489215,
            0.4473794308360819,
            0.7686052264497716
        ]
    },
    "rho": 0.0048038121456620425,
    "theta": 0.0001
}